pro_code,user_id,cate_id,brand_id,name,description,short_description,ingredients,how_to_use,price,price_poi,quantity,weight,barcode,slug_url,seo_title,seo_url,seo_keyword,seo_description,view_count,sales_count,status,credit_type_id,minimum_eligiblity_value
,1,4,3,אזעקוד,,"ילדך רוצה פרטיות? קיט האזעקוד יאפשר לילדך לשמור על פרטיותו על ידי אזעקה שמופעלת בעזרת קוד.
האזעקה מתריעה בעוצמה במקרים בהם הדלת או החלון נפתחים ללא אישור.
כאשר הדלת נסגרת, ההתרעה אינה נעצרת, אלא ממשיכה עד לביטול.
מספר רכיבים:
רמת קושי: מקצוענים – 10",,,80.0,80.0,100,1,,,,,,,0,0,0,1,
,1,4,3,אזעכיס,,"הילד רוצה פרטיות מאחיו? האזעקה תרחיק גם את האח העקשן ביותר.
אזעקה קטנה, רב שימושית ופשוטה לתפעול.
האזעקה מתחברת לכל דלת וחלון.
החיבור מתבצע על ידי דבק דו צדדי והינו ידידותי גם לבית מושכר.
האזעקה מתריעה בעוצמה במקרים בהם הדלת או החלון נפתחים ללא אישור.
כאשר הדלת נסגרת, ההתרעה אינה נעצרת, אלא ממשיכה עד לכיבוי באופן ידני.
מספר רכיבים: 11
רמת קושי: מתחילים – 3
הרכבת אזעכיס",,,32.6,32.6,100,1,,,,,,,0,0,0,1,
,1,4,3,אתרוג מאיר (3 לדים),,"הקישוט הייחודי לסוכה שכולם יעופו עליו והילד יוכל להראות את היכולות שלו ולא רק בציור.
אתרוג מבוסס לדים.
האתרוג מאיר בצבעים מתחלפים.
ניתן לתלות אותו כקישוט בסוכה.
מספר רכיבים: 9
רמת קושי: מתחילים – 2",,,21.8,21.8,100,1,,,,,,,0,0,0,1,
,1,4,3,גלווובוס,,"רוצה לעודד את הילד לחסוך? רוצה לעודד אותו לתת צדקה? קופת הגלובוס הייחודית שלנו מעודדת את הילדים להכניס מטבעות אל הקופה.
בכל פעם שמטבע נכנס נדלקים אורות מהבהבים.
בנוסף ניתן לצבוע את הגלובוס וללמוד באמצעותו את היבשות השונות.
גלובוס ייחודי המשמש כקופת חסכון.
15 רכיבים
רמת קושי: מתחילים – 3
הסבר גלווובוס | הרכבת גלובוס",,,38.1,38.1,100,1,,,,,,,0,0,0,1,
,1,4,3,וינקר לאופניים,,"רוצה להיות רגוע יותר כשהילד נוסע על האופניים או על הקורקינט? הויינקר שהילד בונה יעודד אותו להשתמש בו ולהתגאות בו ואתה תוכל להיות רגוע יותר בידיעה שהילד יותר צפוי לנהגים.
וינקר איכותי לאופניים או לקורקינט הפועל על ידי שלט חוטי קטן, שגם אותו מרכיבים.
הוינקר מתחבר בקלות לכידון של האופניים או של הקורקינט.
תאורת לדים קבועה אדומה.
תאורת לדים צהובה מהבהבת שמתפקדת כמערכת איתות ימינה ושמאלה.
מספר רכיבים: 30 וינקר, 6 שלט
רמת קושי: מתקדמים – 9
הרכבת וינקר",,,54.4,54.4,100,1,,,,,,,0,0,0,1,
,1,4,3,מדליכוס,,"הכוס הכי מגניבה ויחודית – כזו שהילד ירצה לשתות רק איתה, ולך יהיה נוח לנקות.
כוס בטיחות המודדת את טמפרטורת מים.
במידה והמים חמים הכוס תתריע בכך שאור ידלק.
הכוס מיוצרת מפלסטיק מאושר למזון והיא בטוחה לשתייה.
ניתן להסיר את החלקים האלקטרונים בקלות ולשטוף את הכוס בין שימוש לשימוש.
מספר רכיבים: 8
רמת קושי: מתחילים – 2
הסבר מדליכוס | הרכבת מדליכוס",,,38.1,38.1,100,1,,,,,,,0,0,0,1,
,1,4,3,מאוורר שולחני (מטוס),,"המאוורר הכי שווה – גם עשה זאת בעצמך, גם לומדים אלקטרוניקה, גם עושה אורות ונעים וגם נראה מגניב וכולם ישאלו אותך עליו.
קיט מאוורר מדליק בצורת מטוס שעושה אור ואוויר כאשר מדליקים אותו.
ניתן לשים אותו כקישוט פרקטי ומגניב על שולחן הלמידה.
מספר רכיבים: 14
רמת קושי: בינוני – 5",,,48.9,48.9,100,1,,,,,,,0,0,0,1,
,1,4,3,פעמון לבית,,"כל אחד רוצה פעמון מגניב לבית. לקיט הפעמון שלנו יש שלוש עשרה מנגינות ישראליות שניתן לבחור מביניהן את המנגינה האהובה.
בנוסף, ניתן לקבע את המגינה המועדפת עליכם.
בכל פעם שלוחצים על הפעמון תתנגן המנגינה שנבחרה.
מספר רכיבים:
רמת קושי: מקצוענים – 10",,,76.1,76.1,100,1,,,,,,,0,0,0,1,
,1,4,3,צ'קלקה,,,,,87.0,87.0,100,1,,,,,,,0,0,0,1,
,1,6,3,רכב אויר,,"רכב האויר הכי מגניב בעיר, גם הילד בונה אותו בעצמו וגם הוא יוכל לשחק איתו שעות אחרי.
רכב מקורי ומהנה.
הרכב נוסע בכל פעם שמקרבים אליו יד או חפץ.
מספר רכיבים: 36
רמת קושי: מקצוענים – 10",,,76.1,76.1,100,1,,,,,,,0,0,0,1,
,1,4,3,רכב פס,,"רכב הפס הכי מגניב בעיר, גם הילד בונה אותו בעצמו וגם הוא יוכל לשחק איתו שעות אחרי ולהוסיף לו מסלולים משלו.
רכב מקורי ומהנה שמגיע יחד עם מסלול מעגלי מודפס.
הרכב מתוכנן כך שהוא נוסע ועוקב אחרי פס שחור.
(מסלול מעגלי מצורף לערכה).
מספר רכב: 44
רמת קושי: מקצוענים – 10
הרכבת רכב 1 | הרכבת רכב 2 | הרכבת רכב 3 | הרכבת רכב 4 | הרכבת רכב 5 | הרכבת רכב 6-7 | הרכבת רכב 8 | הרכבת רכב 9",,,130.5,130.5,100,1,,,,,,,0,0,0,1,
,1,4,3,רעשן גדול,,"רעשן גדול מבוסס לדים וזמזם אלקטרוני.
רעשן זה מיוחד במינו, הילדים מרכיבים אותו ואת האלקטרוניקה שמתחברת אליו.
בנוסף לרעש הרגיל שרעשן עושה, מצרפים אליו גם זמזם, שהופך את הרעשן למרעיש אף יותר לשמחת כולם.
המוצר מאיר בצבעים מתחלפים.
מספר רכיבים: 17
רמת קושי: מתחילים – 3
הרכבת רעשן 1 | הרכבת רעשן 2 | הרכבת רעשן 3",,,27.2,27.2,100,1,,,,,,,0,0,0,1,
,1,4,3,רעשן קטן,,"רעשן מיני מבוסס לדים וזמזם אלקטרוני.
רעשן זה מיוחד במינו, הילדים מרכיבים אותו ואת האלקטרוניקה שמתחברת אליו.
בנוסף לרעש הרגיל שרעשן עושה, מצרפים אליו גם זמזם, שהופך את הרעשן למרעיש אף יותר לשמחת כולם.
המוצר מאיר בצבעים מתחלפים.
מספר רכיבים: 11
רמת קושי: מתחילים – 1
הרכבת רעשן 1 | הרכבת רעשן 2",,,19.6,19.6,100,1,,,,,,,0,0,0,1,
,1,4,3,שקדיה,,"רוצה לשדרג את עריכת השולחן? השקדיה מוסיפה אור, צבע וייחודיות לכל שולחן פשוט ולכל יום הולדת. בנוסף אין כמו לראות את הילד שלך מתגאה במשהו מגניב שהוא עשה.
עץ יפה ושימושי המשמש לתליית אביזרים קטנים.
ניתן להשתמש בו בטו' בשבט ובימי הולדת,
ככלי הגשה של ממתקים ופירות יבשים.
עוד ניתן לתלות עליו עגילים, טבעות, מתנות קטנות, וכד'.
בחדר מואר נדלקים ארבעה לדים, כשהתאורה נכבת נדלקים עוד ארבעה.
מספר רכיבים: 24
רמת קושי: בינוני – 4
הרכבת שקדיה 1 | הרכבת שקדיה 2 | הרכבת שקדיה 3 | הרכבת שקדיה 4",,,65.2,65.2,100,1,,,,,,,0,0,0,1,
,1,4,3,תאורת לילה (7 לדים),,"מי מפחד מהחושך? תאורה יחודית שתעודד את הילד בלילה שלא לפחד.
ברגע שהאור נכבה התאורה נדלקת בשלל צבעים עדינים שמפחיתים מעט מהחושך.
תאורת חירום איכותית ומדליקה.
התאורה מורכבת מ – 7 לדים צבעוניים שידלקו
בכל פעם שהאור יכבה.
מספר רכיבים: 22
רמת קושי: בינוני – 6
הרכבת תאורת לילה",,,43.5,43.5,100,1,,,,,,,0,0,0,1,
,1,4,3,תאורת לילה (2 לדים),,"מי מפחד מהחושך? תאורה יחודית שתעודד את הילד בלילה שלא לפחד. ברגע שהאור נכבה התאורה נדלקת בשלל צבעים מרגיעים, שמפחיתים מעט מהחושך.
תאורת חירום איכותית ומדליקה.
התאורה מורכבת מ – 2 לדים צבעוניים שידלקו
בכל פעם שהאור יכבה.
רכיבים
רמת קושי: מתחילים – 3
הרכבת תאורת לילה",,,27.2,27.2,100,1,,,,,,,0,0,0,1,
,1,3,3,אורון,,"תאורת לדים לארון.
התאורה נדלקת באופן אוטומטי כל פעם שדלת הארון נפתחת.
מצויין כפרוייקט ראשון.
מתאים לקייטנות, סדנאות, חוגים, בניה עצמית.
הקיט מופעל באמצעות סוללה 12V (כלולה).
מספר רכיבים: 19.
זמן עבודה: 2 – 3 שיעורים (מחושב לפי 45 דקות לשיעור).
דרגת קושי: קל.
הצגת אורון | הרכבת אורון",,,24.0,24.0,100,1,,,,,,,0,0,0,1,
,1,3,3,אזעכיס,,"אזעקה קטנה, רב שימושית ופשוטה לתפעול.
האזעקה מתחברת לכל דלת\חלון.
האזעקה מתריעה בעוצמה במקרים בהם הדלת\חלון נפתח\ת ללא אישור.
לתפעול האזעקה יש ללחוץ על הלחצן בצד ולהניח את האזעקה על דלת\חלון, באופן כזה שהלחצן ישאר באותו מצב.
מצויין כפרוייקט ראשון.
מתאים לקייטנות, סדנאות, חוגים, בניה עצמית.
הקיט מופעל באמצעות סוללה 12V (כלולה).
מספר רכיבים: 17.
זמן עבודה: 3 שיעורים (מחושב לפי 45 דקות לשיעור).
דרגת קושי: קל.
הרכבת אזעכיס",,,24.0,24.0,100,1,,,,,,,0,0,0,1,
,1,3,3,בייסיקול,,"תאורה לדים איכותית לאופניים.
התאורה כוללת חיישן תזוזה.
התאורה נדלקת באופן אוטומטי בזמן סיבוב הגלגל עליו היא מותקנת.
מטרת התאורה, להגדיל את מידת הבטיחות של הרוכב באמצעות הוספת תאורה לאופניים.
מתאים לקייטנות, סדנאות, חוגים, בניה עצמית.
הקיט מופעל באמצעות סוללה 12V (כלולה).
מספר רכיבים: 13.
זמן עבודה: 3 שיעורים (מחושב לפי 45 דקות לשיעור).
דרגת קושי: קל.
הרכבת בייסיקול",,,24.0,24.0,100,1,,,,,,,0,0,0,1,
,1,3,3,דורי,,"קיט רמזור מגניב לחדר (יש\אין כניסה).
הרמזור מאופיין בשני סימנים (איקס\וי) בצבעים אדום וירוק בהתאמה.
הקיט מאפשר למשתמש לסמן למבקרים פוטנציאלים האם הוא מעוניין בביקור על ידי שינוי הסימנים.
מצויין כפרוייקט ראשון.
מתאים לקייטנות, סדנאות, חוגים, בניה עצמית.
הקיט מופעל באמצעות סוללה 12V (כלולה).
מספר רכיבים: 24.
זמן עבודה: 4 שיעורים (מחושב לפי 45 דקות לשיעור).
דרגת קושי: קל.
הצגת דורי | הרכבת דורי",,,29.4,29.4,100,1,,,,,,,0,0,0,1,
,1,3,3,חנוכיס,,"חנוכיית לדים קטנה, איכותית ומרשימה.
מצוין כפרויקט ראשון.
מתאים לקייטנות, סדנאות, חוגים, בניה עצמית.
הקיט מופעל באמצעות סוללה 12V (כלולה).
מספר רכיבים: 28.
זמן עבודה: 5 שיעורים (מחושב לפי 45 דקות לשיעור).
דרגת קושי: קל.
הרכבת חנוכיס",,,29.4,29.4,100,1,,,,,,,0,0,0,1,
,1,3,3,מזכירון,,"מכשיר להקלטת תזכורת.
מצוין כפרויקט ראשון.
מתאים לקייטנות, סדנאות, חוגים, בניה עצמית.
הקיט מופעל באמצעות צמד סוללות 3V 2016 (כלולות)
מספר רכיבים: 25.
זמן עבודה: 5 שיעורים (מחושב לפי 45 דקות לשיעור).
דרגת קושי: קל.
הצגת מזכירון | הרכבת מזכירון",,,33.7,33.7,100,1,,,,,,,0,0,0,1,
,1,3,3,פנסופר,,"פנס עוצמתי וקומפקטי.
הפנס משמש כמחזיק מפתחות.
בעזרת הפנס ניתן לשחרר עגלות סופר.
תאורת הפנס נעשית בעזרת 3 לדים לבנים חזקים.
מצויין כפרוייקט ראשון.
מתאים לקייטנות, סדנאות, חוגים, בניה עצמית.
הקיט מופעל באמצעות סוללה 3V 2032 (כלולה).
מספר רכיבים: 10.
זמן עבודה: 2 שיעורים (מחושב לפי 45 דקות לשיעור).
דרגת קושי: קל.
הצגת פנסופר | הרכבת פנסופר",,,13.0,13.0,100,1,,,,,,,0,0,0,1,
,1,3,3,תאורת לילה (קופסא),,"תאורת חירום מבוססת לדים.
מצוין כפרויקט ראשון.
מתאים לקייטנות, סדנאות, חוגים, בניה עצמית.
הקיט מופעל באמצעות סוללה 3V 2032 (כלולה).
מספר רכיבים: 15.
זמן עבודה: 3 שיעורים (מחושב לפי 45 דקות לשיעור).
דרגת קושי: קל.
הצגת תאורת לילה | הרכבת תאורת לילה",,,27.2,27.2,100,1,,,,,,,0,0,0,1,
,1,3,3,תאורת לילה (מחזיק מפתחות),,"תאורת לילה עוצמתית וקומפקטית.
התאורה משמשת כמחזיק מפתחות.
נדלקת באופן אוטומטי בזמן כיבוי אורות.
התאורה נעשית בעזרת 4 לדים לבנים חזקים.
מצויין כפרוייקט ראשון.
מתאים לקייטנות, סדנאות, חוגים, בניה עצמית.
הקיט מופעל באמצעות סוללה 3V 2032 (כלולה).
מספר רכיבים: 15.
זמן עבודה: 2 – 3 שיעורים (מחושב לפי 45 דקות לשיעור).
דרגת קושי: קל.",,,17.4,17.4,100,1,,,,,,,0,0,0,1,
,1,3,3,אורגניתון,,"אורגנית קטנה ומיוחדת באורך אוקטבה, עם יכולת הקלטה.
האורגנית כוללת טונים וחצאי טונים.
מתאים לקייטנות, סדנאות, חוגים, בניה עצמית.
הקיט מופעל באמצעות סוללה 9V (כלולה).
מבוסס רכיב PIC.
מספר רכיבים: 53.
זמן עבודה: 8 – 9 שיעורים (מחושב לפי 45 דקות לשיעור).
דרגת קושי: בינוני – קשה.
הרכבת אורגנית",,,72.8,72.8,100,1,,,,,,,0,0,0,1,
,1,3,3,אינטרקום,,"קיט המורכב משתי יחידות עצמאיות.
בין שתי היחידות ניתן לצפצף ולדבר.
היחידות מחוברות באמצעות כבל AUX (אנו מספקים כבל באורך 3 מטר).
לתפעול האינטרקטום, יש לחבר את הכבל המסופק בערכה, בין שתי היחידות.
מתאים לקייטנות, סדנאות, חוגים, בניה עצמית.
הקיט מופעל באמצעות צמד סוללות 9V (כלולות).
מבוסס רכיבים 386, 555.
מספר רכיבים: 74.
זמן עבודה: 10 שיעורים (מחושב לפי 45 דקות לשיעור).
דרגת קושי: בינוני.",,,97.8,97.8,100,1,,,,,,,0,0,0,1,
,1,3,3,בלטון,,"פעמון נייד לבית עם מגוון מנגינות.
ניתן לבחור מבין המנגינות באמצעות לחצן.
החיבור בין המכשיר למיקרופון נעשה באמצעות כבל (AUX).
מתאים לקייטנות, סדנאות, חוגים, בניה עצמית.
הקיט מופעל באמצעות סוללה 9V (כלולה).
מבוסס רכיב PIC.
מספר רכיבים: 35.
זמן עבודה: 6 שיעורים (מחושב לפי 45 דקות לשיעור).
דרגת קושי: בינוני.
הצגת בלטון | הרכבת בלטון",,,76.1,76.1,100,1,,,,,,,0,0,0,1,
,1,3,3,וינקר לאופניים,,"וינקר איכותי לאופניים\קורקינט.
תאורת לדים קבועה צהובה.
תאורת לדים אדומה מתפקדת כמערכת איתות ימינה\שמאלה.
הוינקר מתחבר בקלות לכידון של אופניים\קורקינט.
השליטה נעשית על ידי שלט חוטי קטן שאותו יש להרכיב.
שער כניסה לקיטים מורכבים יותר.
מתאים לקייטנות, סדנאות, חוגים, בניה עצמית.
הקיט מופעל באמצעות סוללה 9V (כלולה).
מבוסס רכיב 555.
מספר רכיבים: 24.
זמן עבודה: 5 שיעורים (מחושב לפי 45 דקות לשיעור).
דרגת קושי: קל – בינוני.
הרכבת וינקר | הרכבת קופסא",,,54.4,54.4,100,1,,,,,,,0,0,0,1,
,1,3,3,מגבר (4 רמקולים),,"מגבר נייד, עוצמתי ומעוצב.
מתחבר לכל מכשיר חשמלי עם יציאת אוזניות סטנדרטית (AUX).
ניתן לשלוטי על עוצמת הקול של כל זוג רמקולים בנפרד.
מתאים לקייטנות, סדנאות, חוגים, בניה עצמית
הקיט מופעל באמצעות סוללה 9V (כלולה).
מבוסס רכיב PIC.
מספר רכיבים: 35.
זמן עבודה: 8 – 9 שיעורים (מחושב לפי 45 דקות לשיעור).
דרגת קושי: בינוני – קשה.
הרכבת מגבר",,,97.8,97.8,100,1,,,,,,,0,0,0,1,
,1,3,3,מגן דוד,,"מגן דוד אלקטרוני מאיר ומהבהב.
תאורה כחולה.
ניתן לשנות את קצב ההבהוב.
ניתן להפסיק את ההבהוב על מנת לקבל תאורה מלאה.
מתאים לקייטנות, סדנאות, חוגים, בניה עצמית
הקיט מופעל באמצעות צמד סוללות 3V 2016 (כלולות).
מבוסס רכיב 555.
מספר רכיבים: 34.
זמן עבודה: 6 שיעורים (מחושב לפי 45 דקות לשיעור).
דרגת קושי: קל – בינוני.",,,48.9,48.9,100,1,,,,,,,0,0,0,1,
,1,3,3,מדליה אלקטרונית,,"מדליה מאירה ומהבהבת.
תאורה בשני צבעים שונים.
ניתן לשנות את קצב ההבהוב.
ניתן להפסיק את ההבהוב על מנת לקבל תאורה מלאה.
מתאים לקייטנות, סדנאות, חוגים, בניה עצמית
הקיט מופעל באמצעות צמד סוללות 3V 2016 (כלולות).
מבוסס רכיב 555.
מספר רכיבים: 56.
זמן עבודה: 7 שיעורים (מחושב לפי 45 דקות לשיעור).
דרגת קושי: קל – בינוני.
הרכבת מדליה",,,48.9,48.9,100,1,,,,,,,0,0,0,1,
,1,3,3,מונה לחופש,,"מונה לחופש יספור לאחור את מספר הימים שנותרו עד לחופש המיוחל.
ביום המיוחל המוצר ינגן מנגינה.
ניתן לקדם ימים באופן ידני.
מתאים לקייטנות, סדנאות, חוגים, בניה עצמית.
הקיט מופעל באמצעות סוללה 9V (כלולה).
מבוסס רכיב PIC.
מספר רכיבים: 30.
זמן עבודה: 6 שיעורים (מחושב לפי 45 דקות לשיעור).
דרגת קושי: בינוני.",,,76.1,76.1,100,1,,,,,,,0,0,0,1,
,1,3,3,סירנה קטנה,,"מוצר מקסים שמתאים לאופניים\קורקינט.
הסירנה משמיעה 3 סוגי רעשים שונים (משטרה, אמבולנס, כיבוי אש).
לסירנה לדים מהבהבים בצבעי משטרה (אדום, כחול).
ניתן להדליק\לכבות את הבהוב הסירנה
מתאים לקייטנות, סדנאות, חוגים, בניה עצמית.
הקיט מופעל באמצעות צמד סוללות 1.5V (כלולות).
מבוסס רכיב PIC.
מספר רכיבים: 38.
זמן עבודה: 7 שיעורים (מחושב לפי 45 דקות לשיעור).
דרגת קושי: קל – בינוני.
הצגת סירנה קטנה | הרכבת סירנה קטנה",,,70.7,70.7,100,1,,,,,,,0,0,0,1,
,1,3,3,ספירת העומר,,"ספירת העומר יספור לאחור את מספר הימים שנותרו עד לחופש המיוחל.
בכל יום יתנגן &quot;הנני מוכן ומזומן&quot;.
ניתן לקדם ימים באופן ידני.
מתאים לקייטנות, סדנאות, חוגים, בניה עצמית.
הקיט מופעל באמצעות סוללה 9V (כלולה).
מבוסס רכיב PIC.
מספר רכיבים: 30.
זמן עבודה: 6 שיעורים (מחושב לפי 45 דקות לשיעור).
דרגת קושי: בינוני.",,,76.1,76.1,100,1,,,,,,,0,0,0,1,
,1,3,3,עין ביונית,,"עין אלקטרונית שמצפצפת בכל פעם שעוברים לידה.
לעין חיישן אור שמזהה שינויים בתאורה ומגיב בהתאם.
ניתן לשנות את רגישות החיישן.
מתאים לקייטנות, סדנאות, חוגים, בניה עצמית.
הקיט מופעל באמצעות סוללה 9V (כלולה).
מבוסס רכיב 324.
מספר רכיבים: 28.
זמן עבודה: 6 שיעורים (מחושב לפי 45 דקות לשיעור).
דרגת קושי: קל – בינוני.
הצגת עין ביונית | הרכבת עין ביונית",,,48.9,48.9,100,1,,,,,,,0,0,0,1,
,1,3,3,קוביטון,,"קוביה אקראית, מאירה ומנגנת.
בכל פעם שמקבלים &quot;דאבל&quot; הקוביה מנגנת.
המוצר מתאים לכל משחקי הקוביה (שש – בש, מונופול וכו…).
לקוביה לדים מהבהבים בצבעים שונים.
מתאים לקייטנות, סדנאות, חוגים, בניה עצמית.
הקיט מופעל באמצעות סוללה 9V (כלולה).
מבוסס רכיב PIC.
מספר רכיבים: 34.
זמן עבודה: 6 שיעורים (מחושב לפי 45 דקות לשיעור).",,,76.1,76.1,100,1,,,,,,,0,0,0,1,
,1,3,3,קופת חסכון\צדקה,,"קופה אלקטרונית מעוצבת, מאירה, ומקליטה.
ניתן להקליט הודעה שתתנגן בכל פעם שנכניס כסף לקופה.
קיים מצב חסכון בסוללה.
מתאימה לכל סוגי המטבעות.
מתאים לקייטנות, סדנאות, חוגים, בניה עצמית.
הקיט מופעל באמצעות צמד סוללות 1.5V (כלולות).
מבוסס רכיב PIC.
מספר רכיבים: 43.
זמן עבודה: 7 שיעורים (מחושב לפי 45 דקות לשיעור).
דרגת קושי: בינוני.
הצגת קופת חסכון\צדקה | הרכבת קופת חסכון\צדקה",,,70.7,70.7,100,1,,,,,,,0,0,0,1,
,1,3,3,רכב אולטראסוני,,"רכב חומק ממכשולים.
לרכב חיישן אולטראסוני ש&quot;חש&quot; מכשולים בנסיעה ומשנה כיוון.
הרכב יסע ישר כל עוד אין מכשול מקדימה.
לרכב תאורה צבעונית.
מתאים לקייטנות, סדנאות, חוגים, בניה עצמית.
הקיט מופעל באמצעות סוללה 9V (כלולה).
מבוסס רכיב PIC.
מספר רכיבים: 50.
זמן עבודה: 8 – 10 שיעורים (מחושב לפי 45 דקות לשיעור).
דרגת קושי: קשה.
הרכבת רכב אולטראסוני | הרכבת קופסא",,,130.5,130.5,100,1,,,,,,,0,0,0,1,
,1,3,3,רכב כפתורים,,"רובוט נוסע לפי תכנות.
הרובוט &quot;זוכר&quot; את הכיוונים שעליו ליסוע בהתאם לתכנות שנעשה מראש.
התכנות נעשה באמצעות 4 לחצני כיוון.
בנוסף קיים לחצן שמפיק צליל רובוטי חביב.
לרובוט תאורה צבעונית.
מתאים לקייטנות, סדנאות, חוגים, בניה עצמית.
הקיט מופעל באמצעות סוללה 9V (כלולה).
מבוסס רכיב PIC.
מספר רכיבים: 85.
זמן עבודה: 10 – 12 שיעורים (מחושב לפי 45 דקות לשיעור).
דרגת קושי: קשה.
הצגת רכב כפתורים",,,130.5,130.5,100,1,,,,,,,0,0,0,1,
,1,3,3,רכב על שלט,,"רכב מתקדם וצבעוני עם שלט רחוק.
שלט רחוק קומפקטי שנכנס לכיס.
לרכב תאורה צבעונית.
מתאים לקייטנות, סדנאות, חוגים, בניה עצמית.
הקיט מופעל באמצעות סוללה 9V (כלולה).
מבוסס רכיב PIC.
מספר רכיבים: 82.
זמן עבודה: 10 – 12 שיעורים (מחושב לפי 45 דקות לשיעור).
דרגת קושי: קשה.
הצגת רכב על שלט | הרכבת רכב על שלט | הרכבת קופסא",,,130.5,130.5,100,1,,,,,,,0,0,0,1,
,1,6,3,Scottie Go!,,"משחק חדשני ללימוד שפת תכנות לילדים ולצעירים. רמות קושי שונות וגיבורים ידידותיים במשחק מאפשרים לימוד תכנות מגיל צעיר, ללא צורך בניסיון קודם, כמו גם אספקת סביבות תכנות מאתגרות לשחקנים מנוסים יותר.
!Scottie Go סדרת המשחקים כוללת חייזר ידידותי בשם סקוטי, שחווה הרפתקאות רבות בזמן שהוא מטייל בחלל עם החללית שלו.
על ידי עזרה לסקוטי, שחקנים צוברים ידע בתכנות ומפתחים מיומנויות וכישורים חשובים.",,,54.4,54.4,100,1,,,,,,,0,0,0,1,
,1,1,3,מקרן פלטת צבעים,,"הילד אוהב מדע? מקרן פלטת הצבעים יאפשר לילדך ללמוד את פלטת הצבעים של האור בצגים ואת הצבעים שיווצרו משילובם. בנוסף הוא יוכל להיזכר בכל פעם שירצה.
המקרן מקרין את שלושת צבעי היסוד של האור: אדום ירוק וכחול (RGB)
ואת הצבעים המתקבלים משילובם: צהוב, מג'נטה, ציאן ולבן (CMYK).
מספר רכיבים: 16
רמת קושי: בינוני – 5
הרכבת מקרן 1 | הרכבת מקרן 2 | הרכבת מקרן 3",,,32.6,32.6,100,1,,,,,,,0,0,0,1,
,1,4,3,פנסופר (לד יחיד),,"פנס עוצמתי וקומפקטי.
הפנס משמש כמחזיק מפתחות.
תאורת הפנס נעשית בעזרת לד לבן חזק.
מצויין כפרוייקט ראשון.
מתאים לקייטנות, סדנאות, חוגים, בניה עצמית.",,,10.0,10.0,100,1,,,,,,,0,0,0,1,
,1,4,3,אתרוג מאיר (כולל חיישן),,"הקישוט הייחודי לסוכה שכולם יעופו עליו והילד יוכל להראות את היכולות שלו ולא רק בציור.
אתרוג מבוסס לדים שנדלק באופן אוטומטי כשמחשיך.
האתרוג מאיר בצבעים מתחלפים.
ניתן לתלות אותו כקישוט בסוכה.
מספר רכיבים: 11
רמת קושי: מתחילים – 3",,,27.8,27.8,100,1,,,,,,,0,0,0,1,
,1,4,3,רכב אויר,,,,,130.5,130.5,100,1,,,,,,,0,0,0,1,
,1,4,3,פנס טיולים,,,,,20.0,20.0,100,1,,,,,,,0,0,0,1,
,1,4,3,מג'יקאר,,,,,95.0,95.0,100,1,,,,,,,0,0,0,1,
,1,4,3,בית העומר,,"יצירה אלקטרונית לימודית
שתגרום לילדך לא לשכוח לספור את העומר.
הלוח זוהר כשמכבים את האור.
תאורה אלקטרונית שנדלקת בלחיצת כפתור.
הערכה כוללת:

כרטיס אלקטרוני
8 רכיבי אלקטרוניקה
25 כרטיסי ימים
הוראות הדרכה ולימוד, של המעגל האלקטרוני

יצירה מקורית ובלעדית, תוצרת הארץ.",,,70.0,70.0,100,1,,,,,,,0,0,0,1,
,1,3,3,רעשן קטן,,,,,20.0,20.0,100,1,,,,,,,0,0,0,1,
,1,3,3,רעשן גדול,,,,,30.0,30.0,100,1,,,,,,,0,0,0,1,
,1,3,3,סביבון,,,,,25.0,25.0,100,1,,,,,,,0,0,0,1,
,1,3,3,כדור פורח,,,,,20.0,20.0,100,1,,,,,,,0,0,0,1,
,1,6,3,Blook,,,,,50.0,50.0,100,1,,,,,,,0,0,0,1,
,1,6,3,Mix,,,,,50.0,50.0,100,1,,,,,,,0,0,0,1,
,1,6,3,צ'יינג'ר,,,,,50.0,50.0,100,1,,,,,,,0,0,0,1,
,1,6,3,תעמיס לי,,,,,50.0,50.0,100,1,,,,,,,0,0,0,1,
,1,3,3,חנוכיה אלקטרונית מאירה ומנגנת (מתחילים),,,,,50.0,50.0,100,1,,,,,,,0,0,0,1,
,1,3,3,אזעקוד,,"ילדך רוצה פרטיות? קיט האזעקוד יאפשר לילדך לשמור על פרטיותו על ידי אזעקה שמופעלת בעזרת קוד. זהו מנגנון שהילד מרכיב והוא זה שיבחר את הסיסמא.
ניתן לבחור ולשנות את הקוד, כך שאם לא עושים את הרצף הנכון האזעקוד ישמיע אזעקה.
האזעקה מתריעה בעוצמה במקרים בהם הדלת או החלון נפתחים ללא אישור.
כאשר הדלת נסגרת, ההתרעה אינה נעצרת, אלא ממשיכה עד להזנת הקוד הנכון.
מספר רכיבים:
רמת קושי: מקצוענים – 6",,,72.0,72.0,100,1,,,,,,,0,0,0,1,
,1,1,3,מנורת סלפי,,,,,20.0,20.0,100,1,,,,,,,0,0,0,1,
,1,4,3,נצנץ,,,,,9.0,9.0,100,1,,,,,,,0,0,0,1,
,1,1,3,מאוורר חבקוק,,,,,25.0,25.0,100,1,,,,,,,0,0,0,1,
,1,4,3,מזכירון,,"מכשיר להקלטת תזכורת.
מתאים לקייטנות, סדנאות, חוגים, בניה עצמית.
הקיט מופעל באמצעות צמד סוללות 3V 2016 (כלולות)
מספר רכיבים: 25.
זמן עבודה: 5 שיעורים (מחושב לפי 45 דקות לשיעור).
דרגת קושי: בינוני.",,,60.0,60.0,100,1,,,,,,,0,0,0,1,
,1,3,3,חנוכיה אלקטרונית,,,,,80.0,80.0,100,1,,,,,,,0,0,0,1,
,1,1,3,מנורת לבה,,,,,35.0,35.0,100,1,,,,,,,0,0,0,1,
,1,1,3,פלניטריום,,,,,22.5,22.5,100,1,,,,,,,0,0,0,1,
,1,4,3,חנוכיה אלקטרונית מאירה ומנגנת (מתקדמים),,,,,60.0,60.0,100,1,,,,,,,0,0,0,1,
,1,3,3,חנוכיה אלקטרונית מאירה ומנגנת (מקצוענים),,,,,70.0,70.0,100,1,,,,,,,0,0,0,1,
,1,1,3,סולם יעקב,,,,,27.5,27.5,100,1,,,,,,,0,0,0,1,
,1,1,3,מורס,,,,,38.0,38.0,100,1,,,,,,,0,0,0,1,
,1,6,3,מורס נסיון,,,,,,,100,1,,,,,,,0,0,0,1,
,1,6,3,מורס נסיון (Test),,,,,,,100,1,,,,,,,0,0,0,1,
,1,7,3,טרמוקאפ,,"הכוס הכי מגניבה ויחודית – כזו שהילד ירצה לשתות רק איתה, ולך יהיה נוח לנקות.
כוס בטיחות המודדת את טמפרטורת מים.
במידה והמים חמים הכוס תתריע בכך שאור ידלק.
הכוס מיוצרת מפלסטיק מאושר למזון והיא בטוחה לשתייה.
ניתן להסיר את החלקים האלקטרונים בקלות ולשטוף את הכוס בין שימוש לשימוש.
מספר רכיבים: 8
רמת קושי: מתחילים – 2
הסבר מדליכוס | הרכבת מדליכוס",,,85.0,85.0,100,1,,,,,,,0,0,0,1,
,1,7,3,גלווובוס,,,,,70.0,70.0,100,1,,,,,,,0,0,0,1,
,1,7,3,קאנטרי,,,,,70.0,70.0,100,1,,,,,,,0,0,0,1,
,1,7,3,מאוורר &#8211; מטוס,,,,,70.0,70.0,100,1,,,,,,,0,0,0,1,
